ID,LastName,FirstName,Rating,Leader,Days,Nights,HalfDays,snowmobile,toboggan,scavenger,cpr,chair
126221,Moe-Herlick,Christine,Certfified,APD,4,0,0,1,1,0,1,1
127679,Worley,Tom,Secondary,,0,0,0,0,0,0,0,0
127721,Woodcock,Carl,Certified,,2,1,0,0,0,0,0,0
128072,Crockett,Sharon,Senior,APD,0,12,0,0,0,0,0,0
128077,Crockett,Ken,Senior,,0,1,0,0,0,0,0,0
128083,Davis,Ed,Certified,,0,0,0,0,0,0,0,0
128085,McCardell,Vernon,Senior,,0,2,5,0,0,0,0,0
128086,McCardell,Jackelynn,Senior,,0,2,6,0,0,0,0,0
128088,Perreault,Roger,Senior,,1,3,0,0,0,0,0,0
128090,McCardell,Chris,Senior,,5,1,0,1,1,0,1,1
128091,Barber,Rick,Certified,,17,1,2,1,1,0,1,1
128098,Piotrowski,Jeff,Senior,,0,0,0,0,0,0,0,0
128100,Day,Guy,Secondary,,0,0,0,0,0,0,0,0
128108,Somalski,Louise,Senior,,5,2,0,1,1,0,1,1
129039,Murphy-Jacobs,Linda,Certified,TRAINER,14,7,6,1,1,1,1,1
129057,Bodamer,Daniel,Senior,,2,0,0,1,0,0,0,0
129060,Welton,Lars,Senior,,14,1,0,1,1,0,1,1
129785,Holman,Clarence,Senior,,3,3,0,0,1,0,1,1
130558,Hibbard,Charlon,Senior,,4,1,2,1,0,1,1,1
131070,Markey,James,Secondary,,0,0,0,0,0,0,0,0
153251,Champion,Laura,Senior,,0,6,0,0,0,0,0,0
162112,Peterson,James,Senior,,0,5,0,0,0,0,0,0
153252,Weitzel-Bailey,Mary,Senior,,1,3,2,0,0,0,0,0
163949,Welton,Suzanne,Senior,,12,1,0,1,1,0,1,1
165187,Barthel,Linda ,Secondary,,3,0,1,0,1,0,1,0
178647,Bailey,Fred,Senior,,1,7,4,0,0,0,0,0
178651,Norris,Annaka,Senior,TRAINER,5,0,2,1,1,0,1,1
180917,Green,David,Senior,,0,7,0,0,0,0,0,0
185509,Bahle,Richard,Senior,,0,1,0,0,0,0,0,0
127178,Atwater,Douglas,Senior,,0,3,0,0,0,0,0,0
185535,Ballien,Lisa,Senior,TRAINER,8,2,1,1,1,1,1,1
192354,Larson,Paula,Senior,,4,10,2,0,0,0,0,0
193471,Tahtinen,Diana,Senior,,0,3,0,0,0,0,0,0
193472,Vigneau,Chris,Senior,,8,3,0,1,1,0,1,1
201402,Tahtinen,Dean,Senior,,0,7,0,0,0,0,0,0
204170,Sherman,Nathaniel,Senior,,0,3,0,0,1,0,1,1
208149,Drake,William,Alpine Patroller,,0,0,0,0,0,0,0,0
209936,Dohnal,Dave,Alpine Patroller,,1,0,0,0,0,0,0,0
213024,Cary,Douglas,Senior,TRAINER,2,0,0,0,0,0,0,0
214310,Shirley,Patrick,Secondary,,0,3,0,0,0,0,0,0
216964,Manzella,Vito,Secondary,,8,1,1,1,1,1,1,0
219670,Arlen,James,Senior,TRAINER,5,0,2,1,1,0,1,1
222763,Krook,Gary,Senior,,0,0,0,0,0,0,0,0
247497,Selles,Otto,Certified,,4,0,1,1,1,0,1,1
274556,Shotwell,Dylan,Alpine Patroller,TRAINER,7,6,2,1,1,1,1,1
268186,Thorp,Elizabeth,Alpine Patroller,,1,6,6,0,0,0,0,0
268056,Hasse,Kristin,Alpine Patroller,,0,6,0,0,0,0,0,0
277739,Fulton,Nick,Patroller,,2,7,0,0,0,0,0,0
267263,Wehner,Eric,Alpine Patroller,,0,3,2,0,0,0,0,0
274779,Smar,James,Alpine Patroller,,4,7,0,1,1,0,1,1
281039,Pieschek,Rachel,Patroller,,8,3,0,0,0,0,0,0
281083,Pieschek,Joseph,Patroller,,10,4,0,0,0,0,0,0
276657,Finkelstein,Mark,Alpine Patroller,,7,4,1,1,1,0,1,1
281833,Warner,Brooke,Candidate,,1,0,1,0,0,0,0,0
281322,Schultz,Matt,Patroller,,4,0,1,0,1,0,1,1
169863,Johnson,Michael,Alpine Patroller,MGMT,0,0,0,0,0,0,0,0
281776,Davis,Sarah,Candidate,,6,0,2,0,0,0,0,0
281440,Fisher,John,Candidate,,6,1,0,1,0,1,1,0
216204,Peters,Genisis,Alpine Patroller,,0,0,0,0,0,0,0,0
216150,Martin,Gregory,Alpine Patroller,,0,0,0,0,0,0,0,0
246676,Doornbos,Ben,Patroller,CEO,0,0,0,0,0,0,0,0
216151,Moore,Ryan,Patroller,,0,0,0,0,0,0,0,0
111111,One,Guest,Guest,,1,0,0,0,0,0,0,0
222222,Two,Guest,Guest,,2,0,0,0,0,0,0,0
555555,Five,Guest,Guest,,0,0,0,0,0,0,0,0
333333,Three,Guest,Guest,,0,0,0,0,0,0,0,0
666666,Six,Guest,Guest,,0,0,0,0,0,0,0,0
444444,Four,Guest,Guest,,0,0,0,0,0,0,0,0
282048,Davis,Ryan,Candidate,,6,0,2,0,0,0,0,0
223304,Mogford,Robert,Senior,,2,3,0,0,0,0,0,0
223298,Atwater,Dana,Alpine Patroller,,0,4,0,0,0,0,0,0
223043,Champion,Zachary,Alpine Patroller,,6,3,0,1,1,0,1,1
222765,Mahoney,Mallory,Alpine Patroller,,0,0,0,0,0,0,0,0
268356,Wobser,Gregory,Alpine Patroller,,5,0,0,0,0,0,0,0
232302,Owens,Ann,Alpine Patroller,,0,0,1,0,0,0,0,0
234687,Plomer,Edward,Alpine Patroller,,4,0,3,1,1,1,1,1
246111,Post,Devin,Alpine Patroller,,0,0,0,0,0,0,0,0
226122,Bates,Howard,Senior,TRAINER,4,4,2,1,0,0,1,1
248533,Buczek,Michael,Senior,TRAINER,4,1,3,1,1,0,1,1
248532,Buczek,Elizabeth,Senior,,5,0,4,1,1,0,1,1
250088,Kirchmeier,Laurence,Alpine Patroller,,5,3,1,0,1,0,1,1
251542,Bowers,Margaret,Senior,PD,15,3,2,1,1,0,1,1
250089,Lucy,Randy,Alpine Patroller,,0,3,1,0,0,0,0,0
252370,Davis,Hillary,Senior,APD,2,3,0,0,0,0,0,0
244794,Garone,Caleb,Alpine Patroller,,0,0,0,0,0,0,0,0
260002,Rawson,Raymond,Alpine Patroller,MEDICAL,0,0,0,0,0,0,0,0
250597,Schurman-Slivinski,Melanie,Alpine Patroller,,0,8,0,0,0,0,0,0
251541,Bowers,Peter,Alpine Patroller,,4,5,4,1,1,1,1,1
238671,Kirchner,Kirk,CANDIDATE,,1,0,0,0,0,0,0,0
255263,Talbot,Nellie,Alpine Patroller,,0,5,0,0,0,0,0,0
222764,Tahtinen,Mitch,CANDIDATE,,1,0,0,0,0,0,0,0
263597,Nichols,Maxx,Alpine Patroller,,0,0,0,0,0,0,0,0
256550,Burns,Jeb,Alpine Patroller,,10,1,2,1,1,0,1,1
260359,Flom,William,Alpine Patroller,,1,0,0,0,0,0,0,0
267066,Thorp,Kate,Alpine Patroller,,1,5,0,1,0,0,1,1
268004,Switzer,Jason,Alpine Patroller,,0,0,0,0,0,0,0,0
267300,Halmagy,Alexander,Alpine Patroller,APD,6,5,2,1,1,1,1,1
